UUID,VAR2
a923-45b7-gh12-5448,heavy
a923-45b7-gh12-470,heavy
a923-45b7-gh12-9539,heavy
a923-45b7-gh12-917,heavy
a923-45b7-gh12-5321,heavy
a923-45b7-gh12-5647,heavy
a923-45b7-gh12-5129,heavy
a923-45b7-gh12-8407,heavy
a923-45b7-gh12-5788,heavy
a923-45b7-gh12-5499,heavy
a923-45b7-gh12-5130,heavy
a923-45b7-gh12-4266,heavy
a923-45b7-gh12-8282,heavy
a923-45b7-gh12-2996,heavy
a923-45b7-gh12-2568,heavy
a923-45b7-gh12-6878,heavy
a923-45b7-gh12-2145,heavy
a923-45b7-gh12-8555,heavy
a923-45b7-gh12-4863,heavy
a923-45b7-gh12-9815,heavy
a923-45b7-gh12-5412,heavy
a923-45b7-gh12-3844,heavy
a923-45b7-gh12-4229,heavy
a923-45b7-gh12-8465,heavy
a923-45b7-gh12-2971,heavy
a923-45b7-gh12-9854,heavy
a923-45b7-gh12-192,heavy
a923-45b7-gh12-798,heavy
a923-45b7-gh12-6403,heavy
a923-45b7-gh12-7118,heavy
a923-45b7-gh12-5557,heavy
a923-45b7-gh12-232,heavy
a923-45b7-gh12-3580,heavy
a923-45b7-gh12-4874,heavy
a923-45b7-gh12-3160,heavy
a923-45b7-gh12-1135,regular
a923-45b7-gh12-300,regular
a923-45b7-gh12-7364,regular
a923-45b7-gh12-492,regular
a923-45b7-gh12-6053,regular
a923-45b7-gh12-3936,regular
a923-45b7-gh12-6297,regular
a923-45b7-gh12-7502,regular
a923-45b7-gh12-7526,regular
a923-45b7-gh12-1255,regular
a923-45b7-gh12-8426,regular
a923-45b7-gh12-6247,regular
a923-45b7-gh12-2391,regular
a923-45b7-gh12-4118,regular
a923-45b7-gh12-5441,regular
a923-45b7-gh12-260,regular
a923-45b7-gh12-5437,regular
a923-45b7-gh12-3986,regular
a923-45b7-gh12-6585,regular
a923-45b7-gh12-1789,regular
a923-45b7-gh12-7335,regular
a923-45b7-gh12-5287,regular
a923-45b7-gh12-5261,regular
a923-45b7-gh12-2821,regular
a923-45b7-gh12-689,regular
a923-45b7-gh12-4271,regular
a923-45b7-gh12-6321,regular
a923-45b7-gh12-6830,regular
a923-45b7-gh12-3315,regular
a923-45b7-gh12-6143,regular
a923-45b7-gh12-5276,regular
a923-45b7-gh12-2668,regular
a923-45b7-gh12-9740,regular
a923-45b7-gh12-6044,regular
a923-45b7-gh12-7399,regular
a923-45b7-gh12-3831,fast
a923-45b7-gh12-8977,fast
a923-45b7-gh12-8025,fast
a923-45b7-gh12-4268,fast
a923-45b7-gh12-5959,fast
a923-45b7-gh12-7358,fast
a923-45b7-gh12-7833,fast
a923-45b7-gh12-8384,fast
a923-45b7-gh12-1624,fast
a923-45b7-gh12-9395,fast
a923-45b7-gh12-887,fast
a923-45b7-gh12-4403,fast
a923-45b7-gh12-8195,fast
a923-45b7-gh12-6391,fast
a923-45b7-gh12-6030,fast
a923-45b7-gh12-2426,fast
a923-45b7-gh12-8622,fast
a923-45b7-gh12-454,fast
a923-45b7-gh12-8023,fast
a923-45b7-gh12-8546,fast
a923-45b7-gh12-6584,fast
a923-45b7-gh12-7973,fast
a923-45b7-gh12-2911,fast
a923-45b7-gh12-8308,fast
a923-45b7-gh12-1360,fast
a923-45b7-gh12-7278,fast
a923-45b7-gh12-8084,fast
a923-45b7-gh12-4391,fast
a923-45b7-gh12-6846,fast
a923-45b7-gh12-6966,fast
a923-45b7-gh12-6800,fast
a923-45b7-gh12-508,fast
a923-45b7-gh12-7878,fast
a923-45b7-gh12-4523,fast
a923-45b7-gh12-2467,fast
a923-45b7-gh12-4891,slow
a923-45b7-gh12-2277,slow
a923-45b7-gh12-2875,slow
a923-45b7-gh12-3888,slow
a923-45b7-gh12-3749,slow
a923-45b7-gh12-726,slow
a923-45b7-gh12-2639,slow
a923-45b7-gh12-6095,slow
a923-45b7-gh12-3634,slow
a923-45b7-gh12-353,slow
a923-45b7-gh12-1131,slow
a923-45b7-gh12-327,slow
a923-45b7-gh12-9520,slow
a923-45b7-gh12-1932,slow
a923-45b7-gh12-551,slow
a923-45b7-gh12-2018,slow
a923-45b7-gh12-6233,slow
a923-45b7-gh12-397,slow
a923-45b7-gh12-3612,slow
a923-45b7-gh12-1632,slow
a923-45b7-gh12-1259,slow
a923-45b7-gh12-8634,slow
a923-45b7-gh12-8853,slow
a923-45b7-gh12-7192,slow
a923-45b7-gh12-6512,slow
a923-45b7-gh12-1409,slow
a923-45b7-gh12-1996,slow
a923-45b7-gh12-4158,slow
a923-45b7-gh12-5712,slow
a923-45b7-gh12-6399,slow
a923-45b7-gh12-4305,slow
a923-45b7-gh12-3456,slow
a923-45b7-gh12-2964,slow
a923-45b7-gh12-1658,slow
a923-45b7-gh12-1617,slow
a923-45b7-gh12-3216,heavy
a923-45b7-gh12-6831,heavy
a923-45b7-gh12-1301,heavy
a923-45b7-gh12-1649,heavy
a923-45b7-gh12-5735,heavy
a923-45b7-gh12-3861,heavy
a923-45b7-gh12-7654,heavy
a923-45b7-gh12-3995,heavy
a923-45b7-gh12-2082,heavy
a923-45b7-gh12-4499,heavy
a923-45b7-gh12-7146,heavy
a923-45b7-gh12-5983,heavy
a923-45b7-gh12-8479,heavy
a923-45b7-gh12-7746,heavy
a923-45b7-gh12-2493,heavy
a923-45b7-gh12-8046,heavy
a923-45b7-gh12-4909,heavy
a923-45b7-gh12-8297,heavy
a923-45b7-gh12-4484,heavy
a923-45b7-gh12-125,heavy
a923-45b7-gh12-2866,heavy
a923-45b7-gh12-1559,heavy
a923-45b7-gh12-741,heavy
a923-45b7-gh12-8580,heavy
a923-45b7-gh12-2377,heavy
a923-45b7-gh12-570,heavy
a923-45b7-gh12-2720,heavy
a923-45b7-gh12-4425,heavy
a923-45b7-gh12-2652,heavy
a923-45b7-gh12-8350,heavy
a923-45b7-gh12-5187,heavy
a923-45b7-gh12-5434,heavy
a923-45b7-gh12-878,heavy
a923-45b7-gh12-9615,heavy
a923-45b7-gh12-5308,heavy
a923-45b7-gh12-5374,regular
a923-45b7-gh12-2687,regular
a923-45b7-gh12-4761,regular
a923-45b7-gh12-5085,regular
a923-45b7-gh12-6814,regular
a923-45b7-gh12-7415,regular
a923-45b7-gh12-6283,regular
a923-45b7-gh12-1133,regular
a923-45b7-gh12-1709,regular
a923-45b7-gh12-4487,regular
a923-45b7-gh12-1954,regular
a923-45b7-gh12-7639,regular
a923-45b7-gh12-1449,regular
a923-45b7-gh12-9894,regular
a923-45b7-gh12-1956,regular
a923-45b7-gh12-2191,regular
a923-45b7-gh12-8985,regular
a923-45b7-gh12-4101,regular
a923-45b7-gh12-2686,regular
a923-45b7-gh12-7013,regular
a923-45b7-gh12-3858,regular
a923-45b7-gh12-1156,regular
a923-45b7-gh12-5908,regular
a923-45b7-gh12-4152,regular
a923-45b7-gh12-7253,regular
a923-45b7-gh12-4355,regular
a923-45b7-gh12-4011,regular
a923-45b7-gh12-7119,regular
a923-45b7-gh12-9270,regular
a923-45b7-gh12-4141,regular
a923-45b7-gh12-2634,regular
a923-45b7-gh12-4845,regular
a923-45b7-gh12-3494,regular
a923-45b7-gh12-8442,regular
a923-45b7-gh12-2880,regular
a923-45b7-gh12-2966,fast
a923-45b7-gh12-6109,fast
a923-45b7-gh12-7243,fast
a923-45b7-gh12-654,fast
a923-45b7-gh12-1727,fast
a923-45b7-gh12-8329,fast
a923-45b7-gh12-8660,fast
a923-45b7-gh12-4119,fast
a923-45b7-gh12-6638,fast
a923-45b7-gh12-1832,fast
a923-45b7-gh12-5525,fast
a923-45b7-gh12-407,fast
a923-45b7-gh12-9197,fast
a923-45b7-gh12-5819,fast
a923-45b7-gh12-207,fast
a923-45b7-gh12-4470,fast
a923-45b7-gh12-9685,fast
a923-45b7-gh12-9649,fast
a923-45b7-gh12-7198,fast
a923-45b7-gh12-336,fast
a923-45b7-gh12-1869,fast
a923-45b7-gh12-351,fast
a923-45b7-gh12-7734,fast
a923-45b7-gh12-3235,fast
a923-45b7-gh12-4061,fast
a923-45b7-gh12-3209,fast
a923-45b7-gh12-4644,fast
a923-45b7-gh12-8265,fast
a923-45b7-gh12-2046,fast
a923-45b7-gh12-1462,fast
a923-45b7-gh12-4120,fast
a923-45b7-gh12-9838,fast
a923-45b7-gh12-6633,fast
a923-45b7-gh12-9922,fast
a923-45b7-gh12-68,fast
a923-45b7-gh12-6834,slow
a923-45b7-gh12-856,slow
a923-45b7-gh12-3361,slow
a923-45b7-gh12-7529,slow
a923-45b7-gh12-7402,slow
a923-45b7-gh12-7911,slow
a923-45b7-gh12-182,slow
a923-45b7-gh12-541,slow
a923-45b7-gh12-1671,slow
a923-45b7-gh12-4812,slow
a923-45b7-gh12-6804,slow
a923-45b7-gh12-9230,slow
a923-45b7-gh12-1746,slow
a923-45b7-gh12-8144,slow
a923-45b7-gh12-7085,slow
a923-45b7-gh12-3147,slow
a923-45b7-gh12-9364,slow
a923-45b7-gh12-6518,slow
a923-45b7-gh12-2038,slow
a923-45b7-gh12-8522,slow
a923-45b7-gh12-8701,slow
a923-45b7-gh12-9554,slow
a923-45b7-gh12-8711,slow
a923-45b7-gh12-1592,slow
a923-45b7-gh12-4843,slow
a923-45b7-gh12-5230,slow
a923-45b7-gh12-5882,slow
a923-45b7-gh12-4131,slow
a923-45b7-gh12-8477,slow
a923-45b7-gh12-9476,slow
a923-45b7-gh12-7483,slow
a923-45b7-gh12-2972,slow
a923-45b7-gh12-8336,slow
a923-45b7-gh12-2828,slow
a923-45b7-gh12-4206,slow
a923-45b7-gh12-1282,heavy
a923-45b7-gh12-4052,heavy
a923-45b7-gh12-6428,heavy
a923-45b7-gh12-7224,heavy
a923-45b7-gh12-2934,heavy
a923-45b7-gh12-7945,heavy
a923-45b7-gh12-8855,heavy
a923-45b7-gh12-5720,heavy
a923-45b7-gh12-1821,heavy
a923-45b7-gh12-3514,heavy
a923-45b7-gh12-6587,heavy
a923-45b7-gh12-3357,heavy
a923-45b7-gh12-6216,heavy
a923-45b7-gh12-3804,heavy
a923-45b7-gh12-3073,heavy
a923-45b7-gh12-7611,heavy
a923-45b7-gh12-4186,heavy
a923-45b7-gh12-3941,heavy
a923-45b7-gh12-4236,heavy
a923-45b7-gh12-5915,heavy
a923-45b7-gh12-2092,heavy
a923-45b7-gh12-3957,heavy
a923-45b7-gh12-2333,heavy
a923-45b7-gh12-4447,heavy
a923-45b7-gh12-4632,heavy
a923-45b7-gh12-1164,heavy
a923-45b7-gh12-6821,heavy
a923-45b7-gh12-6098,heavy
a923-45b7-gh12-2362,heavy
a923-45b7-gh12-818,heavy
a923-45b7-gh12-8164,heavy
a923-45b7-gh12-3773,heavy
a923-45b7-gh12-5320,heavy
a923-45b7-gh12-1359,heavy
a923-45b7-gh12-6352,heavy
a923-45b7-gh12-6986,regular
a923-45b7-gh12-6160,regular
a923-45b7-gh12-6868,regular
a923-45b7-gh12-6218,regular
a923-45b7-gh12-7029,regular
a923-45b7-gh12-883,regular
a923-45b7-gh12-4304,regular
a923-45b7-gh12-8862,regular
a923-45b7-gh12-6606,regular
a923-45b7-gh12-6921,regular
a923-45b7-gh12-6692,regular
a923-45b7-gh12-9377,regular
a923-45b7-gh12-7165,regular
a923-45b7-gh12-2602,regular
a923-45b7-gh12-5084,regular
a923-45b7-gh12-8777,regular
a923-45b7-gh12-2674,regular
a923-45b7-gh12-8958,regular
a923-45b7-gh12-1622,regular
a923-45b7-gh12-1615,regular
a923-45b7-gh12-4431,regular
a923-45b7-gh12-3725,regular
a923-45b7-gh12-7487,regular
a923-45b7-gh12-592,regular
a923-45b7-gh12-1981,regular
a923-45b7-gh12-1218,regular
a923-45b7-gh12-9822,regular
a923-45b7-gh12-5621,regular
a923-45b7-gh12-4012,regular
a923-45b7-gh12-3895,regular
a923-45b7-gh12-9758,regular
a923-45b7-gh12-6342,regular
a923-45b7-gh12-1527,regular
a923-45b7-gh12-6026,regular
a923-45b7-gh12-9825,regular
a923-45b7-gh12-3302,fast
a923-45b7-gh12-6407,fast
a923-45b7-gh12-4995,fast
a923-45b7-gh12-9019,fast
a923-45b7-gh12-2543,fast
a923-45b7-gh12-6286,fast
a923-45b7-gh12-4892,fast
a923-45b7-gh12-5658,fast
a923-45b7-gh12-6365,fast
a923-45b7-gh12-506,fast
a923-45b7-gh12-6068,fast
a923-45b7-gh12-8805,fast
a923-45b7-gh12-1444,fast
a923-45b7-gh12-4661,fast
a923-45b7-gh12-1244,fast
a923-45b7-gh12-5644,fast
a923-45b7-gh12-3829,fast
a923-45b7-gh12-7143,fast
a923-45b7-gh12-5766,fast
a923-45b7-gh12-8802,fast
a923-45b7-gh12-9918,fast
a923-45b7-gh12-4598,fast
a923-45b7-gh12-5648,fast
a923-45b7-gh12-1253,fast
a923-45b7-gh12-5094,fast
a923-45b7-gh12-2837,fast
a923-45b7-gh12-3469,fast
a923-45b7-gh12-3324,fast
a923-45b7-gh12-2991,fast
a923-45b7-gh12-720,fast
a923-45b7-gh12-7382,fast
a923-45b7-gh12-2547,fast
a923-45b7-gh12-417,fast
a923-45b7-gh12-424,fast
a923-45b7-gh12-7257,fast
a923-45b7-gh12-3596,slow
a923-45b7-gh12-4868,slow
a923-45b7-gh12-2459,slow
a923-45b7-gh12-7367,slow
a923-45b7-gh12-2504,slow
a923-45b7-gh12-8398,slow
a923-45b7-gh12-1860,slow
a923-45b7-gh12-6127,slow
a923-45b7-gh12-3897,slow
a923-45b7-gh12-9592,slow
a923-45b7-gh12-7912,slow
a923-45b7-gh12-3454,slow
a923-45b7-gh12-5218,slow
a923-45b7-gh12-5794,slow
a923-45b7-gh12-7663,slow
a923-45b7-gh12-6874,slow
a923-45b7-gh12-1825,slow
a923-45b7-gh12-5475,slow
a923-45b7-gh12-4285,slow
a923-45b7-gh12-4106,slow
a923-45b7-gh12-9990,slow
a923-45b7-gh12-2907,slow
a923-45b7-gh12-8028,slow
a923-45b7-gh12-6313,slow
a923-45b7-gh12-8189,slow
a923-45b7-gh12-1543,slow
a923-45b7-gh12-9260,slow
a923-45b7-gh12-7370,slow
a923-45b7-gh12-1356,slow
a923-45b7-gh12-5676,slow
a923-45b7-gh12-4588,slow
a923-45b7-gh12-8554,slow
a923-45b7-gh12-3040,slow
a923-45b7-gh12-191,slow
a923-45b7-gh12-4005,slow
a923-45b7-gh12-2343,heavy
a923-45b7-gh12-766,heavy
a923-45b7-gh12-8022,heavy
a923-45b7-gh12-5170,heavy
a923-45b7-gh12-190,heavy
a923-45b7-gh12-6881,heavy
a923-45b7-gh12-4480,heavy
a923-45b7-gh12-9320,heavy
a923-45b7-gh12-479,heavy
a923-45b7-gh12-4146,heavy
a923-45b7-gh12-8833,heavy
a923-45b7-gh12-250,heavy
a923-45b7-gh12-9045,heavy
a923-45b7-gh12-7064,heavy
a923-45b7-gh12-2698,heavy
a923-45b7-gh12-1674,heavy
a923-45b7-gh12-5397,heavy
a923-45b7-gh12-3153,heavy
a923-45b7-gh12-1279,heavy
a923-45b7-gh12-3477,heavy
a923-45b7-gh12-5452,heavy
a923-45b7-gh12-8846,heavy
a923-45b7-gh12-7180,heavy
a923-45b7-gh12-6013,heavy
a923-45b7-gh12-9092,heavy
a923-45b7-gh12-2138,heavy
a923-45b7-gh12-3575,heavy
a923-45b7-gh12-2564,heavy
a923-45b7-gh12-8083,heavy
a923-45b7-gh12-2710,heavy
a923-45b7-gh12-8466,heavy
a923-45b7-gh12-4021,heavy
a923-45b7-gh12-5958,heavy
a923-45b7-gh12-3932,heavy
a923-45b7-gh12-8337,heavy
a923-45b7-gh12-4718,regular
a923-45b7-gh12-4890,regular
a923-45b7-gh12-2963,regular
a923-45b7-gh12-8251,regular
a923-45b7-gh12-5549,regular
a923-45b7-gh12-663,regular
a923-45b7-gh12-2354,regular
a923-45b7-gh12-3556,regular
a923-45b7-gh12-9001,regular
a923-45b7-gh12-6991,regular
a923-45b7-gh12-5865,regular
a923-45b7-gh12-9309,regular
a923-45b7-gh12-9224,regular
a923-45b7-gh12-1710,regular
a923-45b7-gh12-384,regular
a923-45b7-gh12-4082,regular
a923-45b7-gh12-9531,regular
a923-45b7-gh12-6074,regular
a923-45b7-gh12-4629,regular
a923-45b7-gh12-5688,regular
a923-45b7-gh12-9651,regular
a923-45b7-gh12-8627,regular
a923-45b7-gh12-3492,regular
a923-45b7-gh12-4850,regular
a923-45b7-gh12-38,regular
a923-45b7-gh12-7153,regular
a923-45b7-gh12-2097,regular
a923-45b7-gh12-8979,regular
a923-45b7-gh12-3367,regular
a923-45b7-gh12-2244,regular
a923-45b7-gh12-8547,regular
a923-45b7-gh12-2844,regular
a923-45b7-gh12-4885,regular
a923-45b7-gh12-9648,regular
a923-45b7-gh12-9703,regular
a923-45b7-gh12-2956,fast
a923-45b7-gh12-159,fast
a923-45b7-gh12-2879,fast
a923-45b7-gh12-9964,fast
a923-45b7-gh12-3284,fast
a923-45b7-gh12-9042,fast
a923-45b7-gh12-7102,fast
a923-45b7-gh12-2791,fast
a923-45b7-gh12-3525,fast
a923-45b7-gh12-6835,fast
a923-45b7-gh12-1167,fast
a923-45b7-gh12-6695,fast
a923-45b7-gh12-5,fast
a923-45b7-gh12-5438,fast
a923-45b7-gh12-4260,fast
a923-45b7-gh12-9511,fast
a923-45b7-gh12-5335,fast
a923-45b7-gh12-9994,fast
a923-45b7-gh12-6799,fast
a923-45b7-gh12-3632,fast
a923-45b7-gh12-6853,fast
a923-45b7-gh12-6042,fast
a923-45b7-gh12-1319,fast
a923-45b7-gh12-5964,fast
a923-45b7-gh12-640,fast
a923-45b7-gh12-1206,fast
a923-45b7-gh12-1569,fast
a923-45b7-gh12-5823,fast
a923-45b7-gh12-3018,fast
a923-45b7-gh12-1717,fast
a923-45b7-gh12-9841,fast
a923-45b7-gh12-423,fast
a923-45b7-gh12-9147,fast
a923-45b7-gh12-7780,fast
a923-45b7-gh12-6914,fast
a923-45b7-gh12-8942,slow
a923-45b7-gh12-8284,slow
a923-45b7-gh12-6270,slow
a923-45b7-gh12-1296,slow
a923-45b7-gh12-3790,slow
a923-45b7-gh12-8931,slow
a923-45b7-gh12-6880,slow
a923-45b7-gh12-9363,slow
a923-45b7-gh12-2427,slow
a923-45b7-gh12-4170,slow
a923-45b7-gh12-72,slow
a923-45b7-gh12-4031,slow
a923-45b7-gh12-9835,slow
a923-45b7-gh12-4130,slow
a923-45b7-gh12-4420,slow
a923-45b7-gh12-1726,slow
a923-45b7-gh12-2375,slow
a923-45b7-gh12-3359,slow
a923-45b7-gh12-219,slow
a923-45b7-gh12-5003,slow
a923-45b7-gh12-4046,slow
a923-45b7-gh12-8556,slow
a923-45b7-gh12-8975,slow
a923-45b7-gh12-7594,slow
a923-45b7-gh12-2160,slow
a923-45b7-gh12-4507,slow
a923-45b7-gh12-1376,slow
a923-45b7-gh12-2425,slow
a923-45b7-gh12-7185,slow
a923-45b7-gh12-6293,slow
a923-45b7-gh12-381,slow
a923-45b7-gh12-5979,slow
a923-45b7-gh12-8800,slow
a923-45b7-gh12-7954,slow
a923-45b7-gh12-6729,slow
a923-45b7-gh12-1542,heavy
a923-45b7-gh12-796,heavy
a923-45b7-gh12-8633,heavy
a923-45b7-gh12-1976,heavy
a923-45b7-gh12-9168,heavy
a923-45b7-gh12-1260,heavy
a923-45b7-gh12-91,heavy
a923-45b7-gh12-2457,heavy
a923-45b7-gh12-7585,heavy
a923-45b7-gh12-3392,heavy
a923-45b7-gh12-7613,heavy
a923-45b7-gh12-4280,heavy
a,heavy
a923-45b7-gh12-6427,heavy
a923-45b7-gh12-7923,heavy
a923-45b7-gh12-7225,heavy
a923-45b7-gh12-7764,heavy
a923-45b7-gh12-2137,heavy
a923-45b7-gh12-5212,heavy
a923-45b7-gh12-739,heavy
a923-45b7-gh12-3131,heavy
a923-45b7-gh12-8377,heavy
a923-45b7-gh12-8804,heavy
a923-45b7-gh12-5957,heavy
a923-45b7-gh12-9730,heavy
a923-45b7-gh12-5990,heavy
a923-45b7-gh12-5909,heavy
a923-45b7-gh12-5524,heavy
a923-45b7-gh12-2086,heavy
a923-45b7-gh12-8135,heavy
a923-45b7-gh12-8230,heavy
a923-45b7-gh12-3905,heavy
a923-45b7-gh12-7039,heavy
a923-45b7-gh12-6118,heavy
a923-45b7-gh12-8814,heavy
a923-45b7-gh12-375,regular
a923-45b7-gh12-5791,regular
a923-45b7-gh12-2927,regular
a923-45b7-gh12-4955,regular
a923-45b7-gh12-7093,regular
a923-45b7-gh12-6287,regular
a923-45b7-gh12-5247,regular
a923-45b7-gh12-658,regular
a923-45b7-gh12-4132,regular
a923-45b7-gh12-7223,regular
a923-45b7-gh12-8079,regular
a923-45b7-gh12-3230,regular
a923-45b7-gh12-4646,regular
a923-45b7-gh12-8335,regular
a923-45b7-gh12-127,regular
a923-45b7-gh12-7280,regular
a923-45b7-gh12-9759,regular
a923-45b7-gh12-7279,regular
a923-45b7-gh12-7562,regular
a923-45b7-gh12-9992,regular
a923-45b7-gh12-7937,regular
a923-45b7-gh12-1442,regular
a923-45b7-gh12-7978,regular
a923-45b7-gh12-625,regular
a923-45b7-gh12-7695,regular
a923-45b7-gh12-486,regular
a923-45b7-gh12-5375,regular
a923-45b7-gh12-8145,regular
a923-45b7-gh12-8889,regular
a923-45b7-gh12-8651,regular
a923-45b7-gh12-371,regular
a923-45b7-gh12-5123,regular
a923-45b7-gh12-2734,regular
a923-45b7-gh12-3025,regular
a923-45b7-gh12-1955,regular
a923-45b7-gh12-6672,fast
a923-45b7-gh12-4395,fast
a923-45b7-gh12-4882,fast
a923-45b7-gh12-5771,fast
a923-45b7-gh12-8878,fast
a923-45b7-gh12-3817,fast
a923-45b7-gh12-4356,fast
a923-45b7-gh12-9347,fast
a923-45b7-gh12-6711,fast
a923-45b7-gh12-6526,fast
a923-45b7-gh12-6346,fast
a923-45b7-gh12-6505,fast
a923-45b7-gh12-9365,fast
a923-45b7-gh12-490,fast
a923-45b7-gh12-3004,fast
a923-45b7-gh12-4556,fast
a923-45b7-gh12-7785,fast
a923-45b7-gh12-8161,fast
a923-45b7-gh12-9875,fast
a923-45b7-gh12-5952,fast
a923-45b7-gh12-2724,fast
a923-45b7-gh12-4056,fast
a923-45b7-gh12-3931,fast
a923-45b7-gh12-6426,fast
a923-45b7-gh12-1583,fast
a923-45b7-gh12-8721,fast
a923-45b7-gh12-5507,fast
a923-45b7-gh12-9855,fast
a923-45b7-gh12-1340,fast
a923-45b7-gh12-4956,fast
a923-45b7-gh12-580,fast
a923-45b7-gh12-5352,fast
a923-45b7-gh12-1517,fast
a923-45b7-gh12-5761,fast
a923-45b7-gh12-1758,fast
a923-45b7-gh12-201,slow
a923-45b7-gh12-5659,slow
a923-45b7-gh12-1759,slow
a923-45b7-gh12-5866,slow
a923-45b7-gh12-6011,slow
a923-45b7-gh12-7768,slow
a923-45b7-gh12-7451,slow
a923-45b7-gh12-8828,slow
a923-45b7-gh12-1698,slow
a923-45b7-gh12-9586,slow
a923-45b7-gh12-1797,slow
a923-45b7-gh12-3082,slow
a923-45b7-gh12-1506,slow
a923-45b7-gh12-9070,slow
a923-45b7-gh12-9765,slow
a923-45b7-gh12-1763,slow
a923-45b7-gh12-4804,slow
a923-45b7-gh12-7309,slow
a923-45b7-gh12-6525,slow
a923-45b7-gh12-1597,slow
a923-45b7-gh12-6276,slow
a923-45b7-gh12-2445,slow
a923-45b7-gh12-8784,slow
a923-45b7-gh12-6398,slow
a923-45b7-gh12-6580,slow
a923-45b7-gh12-6022,slow
a923-45b7-gh12-1317,slow
a923-45b7-gh12-3091,slow
a923-45b7-gh12-9816,slow
a923-45b7-gh12-5675,slow
a923-45b7-gh12-9229,slow
a923-45b7-gh12-8339,slow
a923-45b7-gh12-5453,slow
a923-45b7-gh12-6794,slow
a923-45b7-gh12-8301,slow
